word1,word2,word3,word4,word5
Boxer,Dancer,Map,Plain,Town
April,First,Kidnap,Specific,Time
Back,Eggs,Monster,Square,Stair
Clear,False,Indoors,Name,Tart
America,Desert,Honest,Shape,Way
Club,Encourage,Hands,Newton,There
Cause,Flowers,Life,Raw,Unclear
Wool,Date,Wife,Sexy,Vanish
Africa,Fiction,Illegal,White,Trick
Beef,Dictionary,Manners,Stain,Turn
Asia,Decay,Math,Shop,Suffocate
Can'T,Halloween,Misunderstand,Slut,States
Bat,Condom,Major,Sew,Thaw
Center,Frankenstein,Irritating,Record,True
Artist,Death,Laugh,Poem,Stare
Calm,Forgive,Maid,Public,Stamp
Anger,Dam,Id,Off,Web
Beach,Women,Important,Period,Tears
Builder,Fad,Loving,Picture,Weak
